"fmla","n","freq","cumulative_freq","AUC","Emax"
"1","firstyr_bully2_act ~ victim_3group_act+ victim_3group_rel+ bis1_standardized",297,0.1485,0.148,0.817,0.017
"2","firstyr_bully2_act ~ victim_3group_act+ victim_3group_rel+ AUDIT_C_4_a+ bis1_standardized",181,0.0905,0.239,0.825,0.036
"3","firstyr_bully2_act ~ victim_3group_act+ victim_3group_rel+ AUDIT_C_4_a+ firstrses_standardized+ bis1_standardized",139,0.0695,0.308,0.825,0.032
"4","firstyr_bully2_act ~ victim_3group_act+ victim_3group_rel+ q5_a+ AUDIT_C_4_a+ bis1_standardized",77,0.0385,0.347,0.829,0.032
"5","firstyr_bully2_act ~ victim_3group_act+ AUDIT_C_4_a+ bis1_standardized",75,0.0375,0.384,0.814,0.032
"6","firstyr_bully2_act ~ victim_3group_act+ victim_3group_rel+ q5_a+ bis1_standardized",74,0.037,0.422,0.822,0.02
"7","firstyr_bully2_act ~ victim_3group_act+ bis1_standardized",70,0.035,0.456,0.804,0.076
"8","firstyr_bully2_act ~ victim_3group_act+ victim_3group_rel+ firstrses_standardized+ bis1_standardized",60,0.03,0.486,0.817,0.03
"9","firstyr_bully2_act ~ victim_3group_act+ victim_3group_rel+ q68_a+ bis1_standardized",59,0.0295,0.516,0.822,0.024
"10","firstyr_bully2_act ~ victim_3group_act+ victim_3group_rel+ q5_a+ AUDIT_C_4_a+ firstrses_standardized+ bis1_standardized",44,0.022,0.538,0.83,0.029
"11","firstyr_bully2_act ~ victim_3group_act+ victim_3group_rel+ PHQ9_1yr_new+ AUDIT_C_4_a+ firstrses_standardized+ bis1_standardized",39,0.0195,0.558,0.83,0.024
"12","firstyr_bully2_act ~ victim_3group_act+ victim_3group_rel+ q5_a+ q68_a+ bis1_standardized",27,0.0135,0.571,0.827,0.027
"13","firstyr_bully2_act ~ victim_3group_act+ victim_3group_rel+ q3_a+ AUDIT_C_4_a+ bis1_standardized",26,0.013,0.584,0.826,0.037
"14","firstyr_bully2_act ~ victim_3group_act+ victim_3group_rel+ q68_a+ AUDIT_C_4_a+ bis1_standardized",26,0.013,0.597,0.827,0.026
"15","firstyr_bully2_act ~ victim_3group_act+ AUDIT_C_4_a+ firstrses_standardized+ bis1_standardized",25,0.0125,0.61,0.812,0.077
"16","firstyr_bully2_act ~ victim_3group_act+ victim_3group_rel+ q5_a+ firstrses_standardized+ bis1_standardized",25,0.0125,0.622,0.823,0.032
"17","firstyr_bully2_act ~ victim_3group_act+ q5_a+ AUDIT_C_4_a+ bis1_standardized",24,0.012,0.634,0.82,0.047
"18","firstyr_bully2_act ~ victim_3group_act+ victim_3group_rel+ PHQ9_1yr_new+ AUDIT_C_4_a+ bis1_standardized",22,0.011,0.645,0.828,0.038
"19","firstyr_bully2_act ~ victim_3group_act+ victim_3group_rel+ q3_a+ bis1_standardized",20,0.01,0.655,0.82,0.02
"20","firstyr_bully2_act ~ victim_3group_act+ q68_a+ bis1_standardized",17,0.0085,0.664,0.81,0.066
"21","firstyr_bully2_act ~ victim_3group_act+ q5_a+ AUDIT_C_4_a+ firstrses_standardized+ bis1_standardized",16,0.008,0.672,0.819,0.086
"22","firstyr_bully2_act ~ victim_3group_act+ q5_a+ bis1_standardized",16,0.008,0.68,0.811,0.099
"23","firstyr_bully2_act ~ victim_3group_act+ victim_3group_rel+ q5_a+ PHQ9_1yr_new+ AUDIT_C_4_a+ bis1_standardized",16,0.008,0.688,0.832,0.036
"24","firstyr_bully2_act ~ victim_3group_act+ victim_3group_rel+ PHQ9_1yr_new+ bis1_standardized",14,0.007,0.694,0.82,0.017
"25","firstyr_bully2_act ~ victim_3group_act+ victim_3group_rel+ q5_a+ q68_a+ firstrses_standardized+ bis1_standardized",14,0.007,0.702,0.827,0.031
"26","firstyr_bully2_act ~ victim_3group_act+ victim_3group_rel+ q68_a+ firstrses_standardized+ bis1_standardized",14,0.007,0.708,0.823,0.029
"27","firstyr_bully2_act ~ victim_3group_act+ PHQ9_1yr_new+ AUDIT_C_4_a+ bis1_standardized",12,0.006,0.714,0.814,0.056
"28","firstyr_bully2_act ~ victim_3group_act+ victim_3group_rel+ AUDIT_C_4_a+ q22_0_a+ bis1_standardized",12,0.006,0.72,0.826,0.035
"29","firstyr_bully2_act ~ victim_3group_act+ victim_3group_rel+ PHQ9_1yr_new+ firstrses_standardized+ bis1_standardized",12,0.006,0.726,0.823,0.018
"30","firstyr_bully2_act ~ victim_3group_act+ victim_3group_rel+ q3_a+ q5_a+ bis1_standardized",12,0.006,0.732,0.825,0.027
"31","firstyr_bully2_act ~ victim_3group_act+ victim_3group_rel+ q5_a+ PHQ9_1yr_new+ AUDIT_C_4_a+ firstrses_standardized+ bis1_standardized",12,0.006,0.738,0.834,0.025
"32","firstyr_bully2_act ~ victim_3group_act+ victim_3group_rel+ PHQ9_1yr_new+ AUDIT_C_4_a+ q22_0_a+ firstrses_standardized+ bis1_standardized",11,0.0055,0.744,0.832,0.028
"33","firstyr_bully2_act ~ victim_3group_act+ victim_3group_rel+ q68_a+ PHQ9_1yr_new+ firstrses_standardized+ bis1_standardized",11,0.0055,0.75,0.828,0.024
"34","firstyr_bully2_act ~ victim_3group_act+ q5_a+ AUDIT_C_4_a",10,0.005,0.754,0.788,0.075
"35","firstyr_bully2_act ~ victim_3group_act+ victim_3group_rel+ q5_a+ q68_a+ AUDIT_C_4_a+ bis1_standardized",10,0.005,0.76,0.831,0.027
"36","firstyr_bully2_act ~ victim_3group_act+ victim_3group_rel+ q3_a+ q5_a+ AUDIT_C_4_a+ bis1_standardized",9,0.0045,0.764,0.831,0.034
"37","firstyr_bully2_act ~ victim_3group_act+ victim_3group_rel+ q68_a+ AUDIT_C_4_a+ firstrses_standardized+ bis1_standardized",9,0.0045,0.768,0.827,0.019
"38","firstyr_bully2_act ~ victim_3group_act+ victim_3group_rel+ q8_a+ bis1_standardized",9,0.0045,0.773,0.817,0.019
"39","firstyr_bully2_act ~ victim_3group_act+ victim_3group_rel+ AUDIT_C_4_a",8,0.004,0.777,0.791,0.244
"40","firstyr_bully2_act ~ victim_3group_act+ PHQ9_1yr_new+ AUDIT_C_4_a+ firstrses_standardized+ bis1_standardized",7,0.0035,0.78,0.817,0.083
"41","firstyr_bully2_act ~ victim_3group_act+ victim_3group_rel+ AUDIT_C_4_a+ q22_0_a+ firstrses_standardized+ bis1_standardized",7,0.0035,0.784,0.827,0.029
"42","firstyr_bully2_act ~ victim_3group_act+ victim_3group_rel+ q3_a+ PHQ9_1yr_new+ bis1_standardized",7,0.0035,0.788,0.824,0.034
"43","firstyr_bully2_act ~ victim_3group_act+ victim_3group_rel+ q3_a+ PHQ9_1yr_new+ AUDIT_C_4_a+ bis1_standardized",6,0.003,0.79,0.83,0.038
"44","firstyr_bully2_act ~ victim_3group_act+ victim_3group_rel+ q3_a+ q68_a+ AUDIT_C_4_a+ bis1_standardized",6,0.003,0.794,0.828,0.029
"45","firstyr_bully2_act ~ victim_3group_act+ victim_3group_rel+ q5_a+ AUDIT_C_4_a+ q22_0_a+ firstrses_standardized+ bis1_standardized",6,0.003,0.796,0.832,0.035
"46","firstyr_bully2_act ~ victim_3group_act+ victim_3group_rel+ q22_0_a+ bis1_standardized",5,0.0025,0.799,0.819,0.02
"47","firstyr_bully2_act ~ victim_3group_act+ victim_3group_rel+ q22_0_a+ firstrses_standardized+ bis1_standardized",5,0.0025,0.802,0.82,0.025
"48","firstyr_bully2_act ~ victim_3group_act+ victim_3group_rel+ q3_a+ firstrses_standardized+ bis1_standardized",5,0.0025,0.804,0.82,0.023
"49","firstyr_bully2_act ~ victim_3group_act+ victim_3group_rel+ q5_a+ PHQ9_1yr_new+ bis1_standardized",5,0.0025,0.806,0.825,0.042
"50","firstyr_bully2_act ~ victim_3group_act+ victim_3group_rel+ q5_a+ q68_a+ AUDIT_C_4_a+ firstrses_standardized+ bis1_standardized",5,0.0025,0.809,0.832,0.026
"51","firstyr_bully2_act ~ victim_3group_act+ victim_3group_rel+ q6_a+ AUDIT_C_4_a+ bis1_standardized",5,0.0025,0.812,0.826,0.035
"52","firstyr_bully2_act ~ victim_3group_act+ victim_3group_rel+ q68_a+ PHQ9_1yr_new+ AUDIT_C_4_a+ bis1_standardized",5,0.0025,0.814,0.83,0.033
"53","firstyr_bully2_act ~ victim_3group_act+ victim_3group_rel+ q7_a+ bis1_standardized",5,0.0025,0.816,0.817,0.017
"54","firstyr_bully2_act ~ victim_3group_act+ victim_3group_rel+ q8_a+ AUDIT_C_4_a+ bis1_standardized",5,0.0025,0.819,0.825,0.039
"55","firstyr_bully2_act ~ victim_3group_act",4,0.002,0.821,0.755,0
"56","firstyr_bully2_act ~ victim_3group_act+ firstrses_standardized+ bis1_standardized",4,0.002,0.823,0.803,0.11
"57","firstyr_bully2_act ~ victim_3group_act+ PHQ9_1yr_new+ bis1_standardized",4,0.002,0.825,0.806,0.079
"58","firstyr_bully2_act ~ victim_3group_act+ q6_a+ q68_a+ bis1_standardized",4,0.002,0.827,0.812,0.054
"59","firstyr_bully2_act ~ victim_3group_act+ q68_a+ AUDIT_C_4_a+ bis1_standardized",4,0.002,0.829,0.815,0.054
"60","firstyr_bully2_act ~ victim_3group_act+ q68_a+ firstrses_standardized+ bis1_standardized",4,0.002,0.831,0.808,0.098
"61","firstyr_bully2_act ~ victim_3group_act+ victim_3group_rel",4,0.002,0.833,0.775,0.48
"62","firstyr_bully2_act ~ victim_3group_act+ victim_3group_rel+ PHQ9_1yr_new+ AUDIT_C_4_a+ q22_0_a+ bis1_standardized",4,0.002,0.835,0.828,0.041
"63","firstyr_bully2_act ~ victim_3group_act+ victim_3group_rel+ q3_a+ PHQ9_1yr_new+ AUDIT_C_4_a+ firstrses_standardized+ bis1_standardized",4,0.002,0.837,0.831,0.021
"64","firstyr_bully2_act ~ victim_3group_act+ victim_3group_rel+ q3_a+ q5_a+ AUDIT_C_4_a+ firstrses_standardized+ bis1_standardized",4,0.002,0.839,0.832,0.033
"65","firstyr_bully2_act ~ victim_3group_act+ victim_3group_rel+ q3_a+ q6_a+ q5_a+ bis1_standardized",4,0.002,0.841,0.826,0.017
"66","firstyr_bully2_act ~ victim_3group_act+ victim_3group_rel+ q5_a+ AUDIT_C_4_a",4,0.002,0.843,0.801,0.072
"67","firstyr_bully2_act ~ victim_3group_act+ victim_3group_rel+ q5_a+ q68_a+ PHQ9_1yr_new+ bis1_standardized",4,0.002,0.845,0.83,0.049
"68","firstyr_bully2_act ~ victim_3group_act+ victim_3group_rel+ q6_a+ AUDIT_C_4_a+ firstrses_standardized+ bis1_standardized",4,0.002,0.847,0.826,0.028
"69","firstyr_bully2_act ~ victim_3group_act+ victim_3group_rel+ q6_a+ q5_a+ AUDIT_C_4_a+ bis1_standardized",4,0.002,0.849,0.829,0.031
"70","firstyr_bully2_act ~ victim_3group_act+ victim_3group_rel+ q68_a+ PHQ9_1yr_new+ bis1_standardized",4,0.002,0.851,0.825,0.034
"71","firstyr_bully2_act ~ victim_3group_act+ victim_3group_rel+ q8_a+ PHQ9_1yr_new+ AUDIT_C_4_a+ firstrses_standardized+ bis1_standardized",4,0.002,0.853,0.831,0.028
"72","firstyr_bully2_act ~ victim_3group_act+ victim_3group_rel+ q8_a+ q68_a+ bis1_standardized",4,0.002,0.855,0.822,0.03
"73","firstyr_bully2_act ~ victim_3group_act+ AUDIT_C_4_a",3,0.0015,0.856,0.774,0.142
"74","firstyr_bully2_act ~ victim_3group_act+ q5_a+ q68_a+ bis1_standardized",3,0.0015,0.858,0.817,0.063
"75","firstyr_bully2_act ~ victim_3group_act+ q6_a+ q5_a+ AUDIT_C_4_a+ bis1_standardized",3,0.0015,0.86,0.82,0.04
"76","firstyr_bully2_act ~ victim_3group_act+ q68_a+ AUDIT_C_4_a+ firstrses_standardized+ bis1_standardized",3,0.0015,0.861,0.815,0.081
"77","firstyr_bully2_act ~ victim_3group_act+ q7_a+ AUDIT_C_4_a+ bis1_standardized",3,0.0015,0.862,0.814,0.039
"78","firstyr_bully2_act ~ victim_3group_act+ victim_3group_rel+ q3_a+ PHQ9_1yr_new+ AUDIT_C_4_a+ q22_0_a+ firstrses_standardized+ bis1_standardized",3,0.0015,0.864,0.834,0.035
"79","firstyr_bully2_act ~ victim_3group_act+ victim_3group_rel+ q3_a+ q8_a+ AUDIT_C_4_a+ bis1_standardized",3,0.0015,0.866,0.826,0.041
"80","firstyr_bully2_act ~ victim_3group_act+ victim_3group_rel+ q5_a+ AUDIT_C_4_a+ q22_0_a+ bis1_standardized",3,0.0015,0.867,0.83,0.036
"81","firstyr_bully2_act ~ victim_3group_act+ victim_3group_rel+ q5_a+ q68_a+ PHQ9_1yr_new+ AUDIT_C_4_a+ bis1_standardized",3,0.0015,0.868,0.835,0.03
"82","firstyr_bully2_act ~ victim_3group_act+ victim_3group_rel+ q5_a+ q68_a+ q22_0_a+ firstrses_standardized+ bis1_standardized",3,0.0015,0.87,0.829,0.02
"83","firstyr_bully2_act ~ victim_3group_act+ victim_3group_rel+ q6_a+ bis1_standardized",3,0.0015,0.871,0.818,0.018
"84","firstyr_bully2_act ~ victim_3group_act+ victim_3group_rel+ q6_a+ q68_a+ AUDIT_C_4_a+ bis1_standardized",3,0.0015,0.873,0.828,0.032
"85","firstyr_bully2_act ~ victim_3group_act+ victim_3group_rel+ q68_a",3,0.0015,0.874,0.787,0.288
"86","firstyr_bully2_act ~ victim_3group_act+ victim_3group_rel+ q68_a+ PHQ9_1yr_new+ q22_0_a+ bis1_standardized",3,0.0015,0.876,0.826,0.038
"87","firstyr_bully2_act ~ victim_3group_act+ victim_3group_rel+ q7_a+ AUDIT_C_4_a+ firstrses_standardized+ bis1_standardized",3,0.0015,0.878,0.825,0.029
"88","firstyr_bully2_act ~ victim_3group_act+ victim_3group_rel+ q7_a+ q5_a+ AUDIT_C_4_a+ bis1_standardized",3,0.0015,0.879,0.829,0.024
"89","firstyr_bully2_act ~ victim_3group_act+ victim_3group_rel+ q8_a+ firstrses_standardized+ bis1_standardized",3,0.0015,0.88,0.818,0.037
"90","firstyr_bully2_act ~ victim_3group_act+ victim_3group_rel+ school_PR+ AUDIT_C_4_a+ bis1_standardized",3,0.0015,0.882,0.825,0.036
"91","firstyr_bully2_act ~ victim_3group_act+ victim_3group_rel+ school_PR+ q5_a+ q68_a+ bis1_standardized",3,0.0015,0.884,0.827,0.02
"92","firstyr_bully2_act ~ victim_3group_act+ victim_3group_rel+ school_PR+ q68_a+ bis1_standardized",3,0.0015,0.885,0.822,0.029
"93","firstyr_bully2_act ~ victim_3group_act+ PHQ9_1yr_new+ AUDIT_C_4_a+ q22_0_a+ bis1_standardized",2,0.001,0.886,0.816,0.048
"94","firstyr_bully2_act ~ victim_3group_act+ PHQ9_1yr_new+ AUDIT_C_4_a+ q22_0_a+ firstrses_standardized+ bis1_standardized",2,0.001,0.887,0.819,0.065
"95","firstyr_bully2_act ~ victim_3group_act+ q3_a+ q5_a+ bis1_standardized",2,0.001,0.888,0.813,0.104
"96","firstyr_bully2_act ~ victim_3group_act+ q5_a+ firstrses_standardized+ bis1_standardized",2,0.001,0.889,0.81,0.128
"97","firstyr_bully2_act ~ victim_3group_act+ q5_a+ PHQ9_1yr_new+ AUDIT_C_4_a+ firstrses_standardized+ bis1_standardized",2,0.001,0.89,0.823,0.082
"98","firstyr_bully2_act ~ victim_3group_act+ q5_a+ PHQ9_1yr_new+ firstrses_standardized+ bis1_standardized",2,0.001,0.891,0.815,0.111
"99","firstyr_bully2_act ~ victim_3group_act+ q5_a+ q68_a",2,0.001,0.892,0.783,0.078
"100","firstyr_bully2_act ~ victim_3group_act+ q5_a+ q68_a+ AUDIT_C_4_a+ bis1_standardized",2,0.001,0.893,0.822,0.047
"101","firstyr_bully2_act ~ victim_3group_act+ q6_a+ AUDIT_C_4_a+ bis1_standardized",2,0.001,0.894,0.815,0.029
"102","firstyr_bully2_act ~ victim_3group_act+ q68_a+ PHQ9_1yr_new+ AUDIT_C_4_a+ bis1_standardized",2,0.001,0.895,0.817,0.07
"103","firstyr_bully2_act ~ victim_3group_act+ q8_a+ bis1_standardized",2,0.001,0.896,0.804,0.073
"104","firstyr_bully2_act ~ victim_3group_act+ school_PR+ q5_a+ q68_a+ bis1_standardized",2,0.001,0.897,0.817,0.066
"105","firstyr_bully2_act ~ victim_3group_act+ victim_3group_rel+ q22_0_a",2,0.001,0.898,0.784,0.067
"106","firstyr_bully2_act ~ victim_3group_act+ victim_3group_rel+ q3_a+ AUDIT_C_4_a",2,0.001,0.899,0.79,0.087
"107","firstyr_bully2_act ~ victim_3group_act+ victim_3group_rel+ q3_a+ AUDIT_C_4_a+ firstrses_standardized+ bis1_standardized",2,0.001,0.9,0.827,0.028
"108","firstyr_bully2_act ~ victim_3group_act+ victim_3group_rel+ q3_a+ q22_0_a+ bis1_standardized",2,0.001,0.901,0.821,0.017
"109","firstyr_bully2_act ~ victim_3group_act+ victim_3group_rel+ q3_a+ q5_a+ PHQ9_1yr_new+ AUDIT_C_4_a+ firstrses_standardized+ bis1_standardized",2,0.001,0.902,0.836,0.025
"110","firstyr_bully2_act ~ victim_3group_act+ victim_3group_rel+ q3_a+ q5_a+ PHQ9_1yr_new+ firstrses_standardized+ bis1_standardized",2,0.001,0.903,0.83,0.046
"111","firstyr_bully2_act ~ victim_3group_act+ victim_3group_rel+ q3_a+ q6_a+ AUDIT_C_4_a+ bis1_standardized",2,0.001,0.904,0.827,0.038
"112","firstyr_bully2_act ~ victim_3group_act+ victim_3group_rel+ q3_a+ q8_a+ bis1_standardized",2,0.001,0.905,0.82,0.019
"113","firstyr_bully2_act ~ victim_3group_act+ victim_3group_rel+ q3_a+ school_PR+ AUDIT_C_4_a+ bis1_standardized",2,0.001,0.906,0.826,0.037
"114","firstyr_bully2_act ~ victim_3group_act+ victim_3group_rel+ q5_a+ PHQ9_1yr_new+ AUDIT_C_4_a+ q22_0_a+ bis1_standardized",2,0.001,0.907,0.833,0.043
"115","firstyr_bully2_act ~ victim_3group_act+ victim_3group_rel+ q5_a+ PHQ9_1yr_new+ AUDIT_C_4_a+ q22_0_a+ firstrses_standardized+ bis1_standardized",2,0.001,0.908,0.836,0.033
"116","firstyr_bully2_act ~ victim_3group_act+ victim_3group_rel+ q5_a+ PHQ9_1yr_new+ firstrses_standardized+ bis1_standardized",2,0.001,0.909,0.828,0.042
"117","firstyr_bully2_act ~ victim_3group_act+ victim_3group_rel+ q5_a+ q68_a",2,0.001,0.91,0.799,0.108
"118","firstyr_bully2_act ~ victim_3group_act+ victim_3group_rel+ q5_a+ q68_a+ PHQ9_1yr_new+ AUDIT_C_4_a+ firstrses_standardized+ bis1_standardized",2,0.001,0.911,0.836,0.027
"119","firstyr_bully2_act ~ victim_3group_act+ victim_3group_rel+ q5_a+ q68_a+ PHQ9_1yr_new+ firstrses_standardized+ bis1_standardized",2,0.001,0.912,0.832,0.05
"120","firstyr_bully2_act ~ victim_3group_act+ victim_3group_rel+ q6_a+ q5_a+ AUDIT_C_4_a+ firstrses_standardized+ bis1_standardized",2,0.001,0.913,0.83,0.032
"121","firstyr_bully2_act ~ victim_3group_act+ victim_3group_rel+ q6_a+ q5_a+ AUDIT_C_4_a+ q22_0_a+ firstrses_standardized+ bis1_standardized",2,0.001,0.914,0.832,0.042
"122","firstyr_bully2_act ~ victim_3group_act+ victim_3group_rel+ q68_a+ AUDIT_C_4_a+ q22_0_a+ bis1_standardized",2,0.001,0.915,0.828,0.025
"123","firstyr_bully2_act ~ victim_3group_act+ victim_3group_rel+ q68_a+ AUDIT_C_4_a+ q22_0_a+ firstrses_standardized+ bis1_standardized",2,0.001,0.916,0.829,0.022
"124","firstyr_bully2_act ~ victim_3group_act+ victim_3group_rel+ q68_a+ PHQ9_1yr_new+ AUDIT_C_4_a+ firstrses_standardized+ bis1_standardized",2,0.001,0.917,0.833,0.027
"125","firstyr_bully2_act ~ victim_3group_act+ victim_3group_rel+ q68_a+ PHQ9_1yr_new+ AUDIT_C_4_a+ q22_0_a+ firstrses_standardized+ bis1_standardized",2,0.001,0.918,0.834,0.028
"126","firstyr_bully2_act ~ victim_3group_act+ victim_3group_rel+ q68_a+ PHQ9_1yr_new+ q22_0_a+ firstrses_standardized+ bis1_standardized",2,0.001,0.919,0.83,0.034
"127","firstyr_bully2_act ~ victim_3group_act+ victim_3group_rel+ q68_a+ q22_0_a+ bis1_standardized",2,0.001,0.92,0.823,0.019
"128","firstyr_bully2_act ~ victim_3group_act+ victim_3group_rel+ q7_a+ AUDIT_C_4_a+ bis1_standardized",2,0.001,0.921,0.825,0.034
"129","firstyr_bully2_act ~ victim_3group_act+ victim_3group_rel+ q8_a+ AUDIT_C_4_a+ firstrses_standardized+ bis1_standardized",2,0.001,0.922,0.826,0.035
"130","firstyr_bully2_act ~ victim_3group_act+ victim_3group_rel+ q8_a+ q5_a+ bis1_standardized",2,0.001,0.923,0.822,0.019
"131","firstyr_bully2_act ~ victim_3group_act+ victim_3group_rel+ school_PR+ AUDIT_C_4_a+ firstrses_standardized+ bis1_standardized",2,0.001,0.924,0.825,0.031
"132","firstyr_bully2_act ~ victim_3group_act+ victim_3group_rel+ school_PR+ q5_a+ q68_a+ AUDIT_C_4_a+ bis1_standardized",2,0.001,0.925,0.831,0.026
"133","firstyr_bully2_act ~ victim_3group_act+ AUDIT_C_4_a+ firstrses_standardized",1,5e-04,0.926,0.772,0.146
"134","firstyr_bully2_act ~ victim_3group_act+ AUDIT_C_4_a+ q22_0_a+ firstrses_standardized+ bis1_standardized",1,5e-04,0.926,0.813,0.063
"135","firstyr_bully2_act ~ victim_3group_act+ PHQ9_1yr_new+ AUDIT_C_4_a",1,5e-04,0.926,0.794,0.133
"136","firstyr_bully2_act ~ victim_3group_act+ PHQ9_1yr_new+ firstrses_standardized+ bis1_standardized",1,5e-04,0.927,0.809,0.105
"137","firstyr_bully2_act ~ victim_3group_act+ q22_0_a+ bis1_standardized",1,5e-04,0.928,0.805,0.067
"138","firstyr_bully2_act ~ victim_3group_act+ q3_a+ AUDIT_C_4_a+ bis1_standardized",1,5e-04,0.928,0.816,0.033
"139","firstyr_bully2_act ~ victim_3group_act+ q3_a+ bis1_standardized",1,5e-04,0.928,0.807,0.07
"140","firstyr_bully2_act ~ victim_3group_act+ q3_a+ q5_a+ AUDIT_C_4_a+ bis1_standardized",1,5e-04,0.929,0.821,0.049
"141","firstyr_bully2_act ~ victim_3group_act+ q3_a+ q7_a+ PHQ9_1yr_new+ AUDIT_C_4_a+ bis1_standardized",1,5e-04,0.93,0.818,0.059
"142","firstyr_bully2_act ~ victim_3group_act+ q3_a+ q8_a+ AUDIT_C_4_a+ bis1_standardized",1,5e-04,0.93,0.816,0.033
"143","firstyr_bully2_act ~ victim_3group_act+ q3_a+ q8_a+ q5_a+ PHQ9_1yr_new+ AUDIT_C_4_a+ bis1_standardized",1,5e-04,0.93,0.824,0.062
"144","firstyr_bully2_act ~ victim_3group_act+ q5_a+ AUDIT_C_4_a+ q22_0_a+ bis1_standardized",1,5e-04,0.931,0.82,0.037
"145","firstyr_bully2_act ~ victim_3group_act+ q5_a+ AUDIT_C_4_a+ q22_0_a+ firstrses_standardized+ bis1_standardized",1,5e-04,0.932,0.82,0.063
"146","firstyr_bully2_act ~ victim_3group_act+ q5_a+ PHQ9_1yr_new+ AUDIT_C_4_a+ q22_0_a+ firstrses_standardized+ bis1_standardized",1,5e-04,0.932,0.824,0.062
"147","firstyr_bully2_act ~ victim_3group_act+ q5_a+ q68_a+ AUDIT_C_4_a+ firstrses_standardized+ bis1_standardized",1,5e-04,0.932,0.822,0.075
"148","firstyr_bully2_act ~ victim_3group_act+ q5_a+ q68_a+ firstrses_standardized+ bis1_standardized",1,5e-04,0.933,0.815,0.106
"149","firstyr_bully2_act ~ victim_3group_act+ q5_a+ q68_a+ PHQ9_1yr_new+ bis1_standardized",1,5e-04,0.934,0.818,0.067
"150","firstyr_bully2_act ~ victim_3group_act+ q6_a+ bis1_standardized",1,5e-04,0.934,0.807,0.068
"151","firstyr_bully2_act ~ victim_3group_act+ q6_a+ firstrses_standardized+ bis1_standardized",1,5e-04,0.934,0.806,0.096
"152","firstyr_bully2_act ~ victim_3group_act+ q6_a+ q5_a+ AUDIT_C_4_a+ q22_0_a+ firstrses_standardized+ bis1_standardized",1,5e-04,0.935,0.821,0.053
"153","firstyr_bully2_act ~ victim_3group_act+ q6_a+ q5_a+ firstrses_standardized+ bis1_standardized",1,5e-04,0.936,0.812,0.109
"154","firstyr_bully2_act ~ victim_3group_act+ q6_a+ q5_a+ q68_a+ AUDIT_C_4_a+ q22_0_a+ firstrses_standardized+ bis1_standardized",1,5e-04,0.936,0.823,0.046
"155","firstyr_bully2_act ~ victim_3group_act+ q6_a+ q5_a+ q68_a+ bis1_standardized",1,5e-04,0.936,0.818,0.053
"156","firstyr_bully2_act ~ victim_3group_act+ q6_a+ q5_a+ q68_a+ firstrses_standardized+ bis1_standardized",1,5e-04,0.937,0.816,0.091
"157","firstyr_bully2_act ~ victim_3group_act+ q6_a+ q68_a+ AUDIT_C_4_a+ bis1_standardized",1,5e-04,0.938,0.816,0.049
"158","firstyr_bully2_act ~ victim_3group_act+ q6_a+ q68_a+ firstrses_standardized+ bis1_standardized",1,5e-04,0.938,0.811,0.083
"159","firstyr_bully2_act ~ victim_3group_act+ q68_a+ AUDIT_C_4_a+ q22_0_a+ firstrses_standardized+ bis1_standardized",1,5e-04,0.938,0.816,0.065
"160","firstyr_bully2_act ~ victim_3group_act+ q7_a+ AUDIT_C_4_a",1,5e-04,0.939,0.774,0.338
"161","firstyr_bully2_act ~ victim_3group_act+ q7_a+ bis1_standardized",1,5e-04,0.94,0.804,0.088
"162","firstyr_bully2_act ~ victim_3group_act+ q7_a+ PHQ9_1yr_new+ AUDIT_C_4_a+ bis1_standardized",1,5e-04,0.94,0.815,0.058
"163","firstyr_bully2_act ~ victim_3group_act+ q7_a+ PHQ9_1yr_new+ bis1_standardized",1,5e-04,0.94,0.806,0.087
"164","firstyr_bully2_act ~ victim_3group_act+ q7_a+ q5_a+ AUDIT_C_4_a+ bis1_standardized",1,5e-04,0.941,0.821,0.054
"165","firstyr_bully2_act ~ victim_3group_act+ q7_a+ q5_a+ AUDIT_C_4_a+ q22_0_a+ bis1_standardized",1,5e-04,0.942,0.821,0.043
"166","firstyr_bully2_act ~ victim_3group_act+ q7_a+ q5_a+ PHQ9_1yr_new+ AUDIT_C_4_a+ firstrses_standardized+ bis1_standardized",1,5e-04,0.942,0.824,0.086
"167","firstyr_bully2_act ~ victim_3group_act+ q7_a+ q5_a+ q68_a+ AUDIT_C_4_a+ firstrses_standardized+ bis1_standardized",1,5e-04,0.942,0.822,0.083
"168","firstyr_bully2_act ~ victim_3group_act+ q7_a+ q5_a+ q68_a+ bis1_standardized",1,5e-04,0.943,0.817,0.081
"169","firstyr_bully2_act ~ victim_3group_act+ q7_a+ q5_a+ q68_a+ PHQ9_1yr_new+ AUDIT_C_4_a+ bis1_standardized",1,5e-04,0.944,0.825,0.073
"170","firstyr_bully2_act ~ victim_3group_act+ q7_a+ q68_a",1,5e-04,0.944,0.767,0.171
"171","firstyr_bully2_act ~ victim_3group_act+ q7_a+ q68_a+ PHQ9_1yr_new+ q22_0_a+ bis1_standardized",1,5e-04,0.944,0.812,0.076
"172","firstyr_bully2_act ~ victim_3group_act+ q8_a+ PHQ9_1yr_new+ AUDIT_C_4_a+ bis1_standardized",1,5e-04,0.945,0.814,0.053
"173","firstyr_bully2_act ~ victim_3group_act+ q8_a+ PHQ9_1yr_new+ bis1_standardized",1,5e-04,0.946,0.806,0.073
"174","firstyr_bully2_act ~ victim_3group_act+ school_PR+ q5_a+ AUDIT_C_4_a+ bis1_standardized",1,5e-04,0.946,0.82,0.051
"175","firstyr_bully2_act ~ victim_3group_act+ school_PR+ q68_a+ AUDIT_C_4_a+ bis1_standardized",1,5e-04,0.946,0.816,0.059
"176","firstyr_bully2_act ~ victim_3group_act+ school_PR+ q7_a+ q5_a+ q68_a+ PHQ9_1yr_new+ firstrses_standardized+ bis1_standardized",1,5e-04,0.947,0.82,0.104
"177","firstyr_bully2_act ~ victim_3group_act+ school_PR+ q8_a+ q5_a+ q68_a+ AUDIT_C_4_a+ q22_0_a+ bis1_standardized",1,5e-04,0.948,0.822,0.044
"178","firstyr_bully2_act ~ victim_3group_act+ school_PR+ q8_a+ q68_a+ PHQ9_1yr_new+ bis1_standardized",1,5e-04,0.948,0.813,0.071
"179","firstyr_bully2_act ~ victim_3group_act+ victim_3group_rel+ PHQ9_1yr_new+ AUDIT_C_4_a",1,5e-04,0.948,0.807,0.073
"180","firstyr_bully2_act ~ victim_3group_act+ victim_3group_rel+ PHQ9_1yr_new+ AUDIT_C_4_a+ q22_0_a",1,5e-04,0.949,0.807,0.055
"181","firstyr_bully2_act ~ victim_3group_act+ victim_3group_rel+ PHQ9_1yr_new+ q22_0_a+ firstrses_standardized+ bis1_standardized",1,5e-04,0.95,0.825,0.019
"182","firstyr_bully2_act ~ victim_3group_act+ victim_3group_rel+ q22_0_a+ firstrses_standardized",1,5e-04,0.95,0.782,0.064
"183","firstyr_bully2_act ~ victim_3group_act+ victim_3group_rel+ q3_a",1,5e-04,0.95,0.778,0.115
"184","firstyr_bully2_act ~ victim_3group_act+ victim_3group_rel+ q3_a+ PHQ9_1yr_new+ AUDIT_C_4_a+ firstrses_standardized",1,5e-04,0.951,0.806,0.054
"185","firstyr_bully2_act ~ victim_3group_act+ victim_3group_rel+ q3_a+ q5_a+ AUDIT_C_4_a+ q22_0_a+ firstrses_standardized+ bis1_standardized",1,5e-04,0.952,0.833,0.038
"186","firstyr_bully2_act ~ victim_3group_act+ victim_3group_rel+ q3_a+ q5_a+ PHQ9_1yr_new+ AUDIT_C_4_a+ bis1_standardized",1,5e-04,0.952,0.835,0.036
"187","firstyr_bully2_act ~ victim_3group_act+ victim_3group_rel+ q3_a+ q5_a+ PHQ9_1yr_new+ bis1_standardized",1,5e-04,0.952,0.829,0.048
"188","firstyr_bully2_act ~ victim_3group_act+ victim_3group_rel+ q3_a+ q5_a+ q68_a+ bis1_standardized",1,5e-04,0.953,0.828,0.029
"189","firstyr_bully2_act ~ victim_3group_act+ victim_3group_rel+ q3_a+ q5_a+ q68_a+ PHQ9_1yr_new+ AUDIT_C_4_a",1,5e-04,0.954,0.817,0.061
"190","firstyr_bully2_act ~ victim_3group_act+ victim_3group_rel+ q3_a+ q5_a+ q68_a+ PHQ9_1yr_new+ AUDIT_C_4_a+ bis1_standardized",1,5e-04,0.954,0.836,0.029
"191","firstyr_bully2_act ~ victim_3group_act+ victim_3group_rel+ q3_a+ q5_a+ q68_a+ PHQ9_1yr_new+ q22_0_a+ firstrses_standardized+ bis1_standardized",1,5e-04,0.954,0.835,0.048
"192","firstyr_bully2_act ~ victim_3group_act+ victim_3group_rel+ q3_a+ q6_a+ bis1_standardized",1,5e-04,0.955,0.821,0.019
"193","firstyr_bully2_act ~ victim_3group_act+ victim_3group_rel+ q3_a+ q6_a+ firstrses_standardized+ bis1_standardized",1,5e-04,0.956,0.822,0.014
"194","firstyr_bully2_act ~ victim_3group_act+ victim_3group_rel+ q3_a+ q6_a+ q5_a+ PHQ9_1yr_new+ AUDIT_C_4_a+ firstrses_standardized+ bis1_standardized",1,5e-04,0.956,0.836,0.029
"195","firstyr_bully2_act ~ victim_3group_act+ victim_3group_rel+ q3_a+ q6_a+ q5_a+ PHQ9_1yr_new+ AUDIT_C_4_a+ q22_0_a+ firstrses_standardized+ bis1_standardized",1,5e-04,0.956,0.838,0.043
"196","firstyr_bully2_act ~ victim_3group_act+ victim_3group_rel+ q3_a+ q6_a+ q68_a+ bis1_standardized",1,5e-04,0.957,0.824,0.025
"197","firstyr_bully2_act ~ victim_3group_act+ victim_3group_rel+ q3_a+ q68_a+ bis1_standardized",1,5e-04,0.958,0.823,0.032
"198","firstyr_bully2_act ~ victim_3group_act+ victim_3group_rel+ q3_a+ q68_a+ PHQ9_1yr_new+ bis1_standardized",1,5e-04,0.958,0.828,0.053
"199","firstyr_bully2_act ~ victim_3group_act+ victim_3group_rel+ q3_a+ q68_a+ PHQ9_1yr_new+ q22_0_a+ bis1_standardized",1,5e-04,0.958,0.829,0.051
"200","firstyr_bully2_act ~ victim_3group_act+ victim_3group_rel+ q3_a+ q7_a+ PHQ9_1yr_new+ AUDIT_C_4_a+ bis1_standardized",1,5e-04,0.959,0.83,0.036
"201","firstyr_bully2_act ~ victim_3group_act+ victim_3group_rel+ q3_a+ q7_a+ q5_a+ AUDIT_C_4_a+ q22_0_a+ firstrses_standardized+ bis1_standardized",1,5e-04,0.96,0.833,0.036
"202","firstyr_bully2_act ~ victim_3group_act+ victim_3group_rel+ q3_a+ q7_a+ q5_a+ PHQ9_1yr_new+ AUDIT_C_4_a+ firstrses_standardized+ bis1_standardized",1,5e-04,0.96,0.836,0.023
"203","firstyr_bully2_act ~ victim_3group_act+ victim_3group_rel+ q3_a+ q7_a+ q5_a+ q68_a+ PHQ9_1yr_new+ AUDIT_C_4_a+ q22_0_a+ bis1_standardized",1,5e-04,0.96,0.838,0.033
"204","firstyr_bully2_act ~ victim_3group_act+ victim_3group_rel+ q3_a+ q7_a+ q68_a+ bis1_standardized",1,5e-04,0.961,0.823,0.027
"205","firstyr_bully2_act ~ victim_3group_act+ victim_3group_rel+ q3_a+ q8_a+ AUDIT_C_4_a+ firstrses_standardized+ bis1_standardized",1,5e-04,0.962,0.827,0.032
"206","firstyr_bully2_act ~ victim_3group_act+ victim_3group_rel+ q3_a+ q8_a+ PHQ9_1yr_new+ AUDIT_C_4_a+ bis1_standardized",1,5e-04,0.962,0.831,0.045
"207","firstyr_bully2_act ~ victim_3group_act+ victim_3group_rel+ q3_a+ q8_a+ PHQ9_1yr_new+ AUDIT_C_4_a+ firstrses_standardized+ bis1_standardized",1,5e-04,0.962,0.832,0.029
"208","firstyr_bully2_act ~ victim_3group_act+ victim_3group_rel+ q3_a+ q8_a+ PHQ9_1yr_new+ bis1_standardized",1,5e-04,0.963,0.825,0.029
"209","firstyr_bully2_act ~ victim_3group_act+ victim_3group_rel+ q3_a+ q8_a+ q5_a+ AUDIT_C_4_a+ bis1_standardized",1,5e-04,0.964,0.83,0.035
"210","firstyr_bully2_act ~ victim_3group_act+ victim_3group_rel+ q3_a+ q8_a+ q68_a+ AUDIT_C_4_a+ bis1_standardized",1,5e-04,0.964,0.828,0.031
"211","firstyr_bully2_act ~ victim_3group_act+ victim_3group_rel+ q3_a+ q8_a+ q68_a+ PHQ9_1yr_new+ bis1_standardized",1,5e-04,0.964,0.828,0.051
"212","firstyr_bully2_act ~ victim_3group_act+ victim_3group_rel+ q3_a+ school_PR+ bis1_standardized",1,5e-04,0.965,0.82,0.019
"213","firstyr_bully2_act ~ victim_3group_act+ victim_3group_rel+ q3_a+ school_PR+ q5_a+ AUDIT_C_4_a+ bis1_standardized",1,5e-04,0.966,0.831,0.034
"214","firstyr_bully2_act ~ victim_3group_act+ victim_3group_rel+ q3_a+ school_PR+ q5_a+ AUDIT_C_4_a+ firstrses_standardized+ bis1_standardized",1,5e-04,0.966,0.832,0.033
"215","firstyr_bully2_act ~ victim_3group_act+ victim_3group_rel+ q5_a+ AUDIT_C_4_a+ firstrses_standardized",1,5e-04,0.966,0.801,0.063
"216","firstyr_bully2_act ~ victim_3group_act+ victim_3group_rel+ q5_a+ q22_0_a",1,5e-04,0.967,0.794,0.047
"217","firstyr_bully2_act ~ victim_3group_act+ victim_3group_rel+ q5_a+ q22_0_a+ bis1_standardized",1,5e-04,0.968,0.823,0.018
"218","firstyr_bully2_act ~ victim_3group_act+ victim_3group_rel+ q5_a+ q22_0_a+ firstrses_standardized+ bis1_standardized",1,5e-04,0.968,0.825,0.028
"219","firstyr_bully2_act ~ victim_3group_act+ victim_3group_rel+ q5_a+ q68_a+ AUDIT_C_4_a",1,5e-04,0.968,0.806,0.045
"220","firstyr_bully2_act ~ victim_3group_act+ victim_3group_rel+ q5_a+ q68_a+ AUDIT_C_4_a+ q22_0_a+ firstrses_standardized+ bis1_standardized",1,5e-04,0.969,0.833,0.031
"221","firstyr_bully2_act ~ victim_3group_act+ victim_3group_rel+ q5_a+ q68_a+ PHQ9_1yr_new",1,5e-04,0.97,0.81,0.08
"222","firstyr_bully2_act ~ victim_3group_act+ victim_3group_rel+ q5_a+ q68_a+ PHQ9_1yr_new+ AUDIT_C_4_a+ q22_0_a+ bis1_standardized",1,5e-04,0.97,0.835,0.033
"223","firstyr_bully2_act ~ victim_3group_act+ victim_3group_rel+ q5_a+ q68_a+ PHQ9_1yr_new+ AUDIT_C_4_a+ q22_0_a+ firstrses_standardized+ bis1_standardized",1,5e-04,0.97,0.838,0.031
"224","firstyr_bully2_act ~ victim_3group_act+ victim_3group_rel+ q6_a+ AUDIT_C_4_a+ q22_0_a+ bis1_standardized",1,5e-04,0.971,0.827,0.038
"225","firstyr_bully2_act ~ victim_3group_act+ victim_3group_rel+ q6_a+ AUDIT_C_4_a+ q22_0_a+ firstrses_standardized+ bis1_standardized",1,5e-04,0.972,0.828,0.033
"226","firstyr_bully2_act ~ victim_3group_act+ victim_3group_rel+ q6_a+ firstrses_standardized+ bis1_standardized",1,5e-04,0.972,0.819,0.019
"227","firstyr_bully2_act ~ victim_3group_act+ victim_3group_rel+ q6_a+ PHQ9_1yr_new+ AUDIT_C_4_a+ firstrses_standardized+ bis1_standardized",1,5e-04,0.972,0.831,0.026
"228","firstyr_bully2_act ~ victim_3group_act+ victim_3group_rel+ q6_a+ PHQ9_1yr_new+ bis1_standardized",1,5e-04,0.973,0.821,0.018
"229","firstyr_bully2_act ~ victim_3group_act+ victim_3group_rel+ q6_a+ PHQ9_1yr_new+ firstrses_standardized+ bis1_standardized",1,5e-04,0.974,0.824,0.016
"230","firstyr_bully2_act ~ victim_3group_act+ victim_3group_rel+ q6_a+ q5_a+ firstrses_standardized+ bis1_standardized",1,5e-04,0.974,0.824,0.026
"231","firstyr_bully2_act ~ victim_3group_act+ victim_3group_rel+ q6_a+ q5_a+ PHQ9_1yr_new+ AUDIT_C_4_a+ bis1_standardized",1,5e-04,0.974,0.833,0.037
"232","firstyr_bully2_act ~ victim_3group_act+ victim_3group_rel+ q6_a+ q5_a+ q68_a+ PHQ9_1yr_new+ AUDIT_C_4_a+ q22_0_a+ firstrses_standardized+ bis1_standardized",1,5e-04,0.975,0.839,0.035
"233","firstyr_bully2_act ~ victim_3group_act+ victim_3group_rel+ q6_a+ q68_a+ AUDIT_C_4_a+ firstrses_standardized+ bis1_standardized",1,5e-04,0.976,0.828,0.023
"234","firstyr_bully2_act ~ victim_3group_act+ victim_3group_rel+ q6_a+ q68_a+ bis1_standardized",1,5e-04,0.976,0.823,0.019
"235","firstyr_bully2_act ~ victim_3group_act+ victim_3group_rel+ q6_a+ q68_a+ firstrses_standardized+ bis1_standardized",1,5e-04,0.976,0.824,0.024
"236","firstyr_bully2_act ~ victim_3group_act+ victim_3group_rel+ q6_a+ q68_a+ PHQ9_1yr_new+ firstrses_standardized+ bis1_standardized",1,5e-04,0.977,0.829,0.017
"237","firstyr_bully2_act ~ victim_3group_act+ victim_3group_rel+ q68_a+ AUDIT_C_4_a",1,5e-04,0.978,0.797,0.058
"238","firstyr_bully2_act ~ victim_3group_act+ victim_3group_rel+ q68_a+ AUDIT_C_4_a+ q22_0_a",1,5e-04,0.978,0.801,0.044
"239","firstyr_bully2_act ~ victim_3group_act+ victim_3group_rel+ q68_a+ PHQ9_1yr_new+ AUDIT_C_4_a+ q22_0_a+ bis1_standardized",1,5e-04,0.978,0.831,0.033
"240","firstyr_bully2_act ~ victim_3group_act+ victim_3group_rel+ q68_a+ q22_0_a+ firstrses_standardized+ bis1_standardized",1,5e-04,0.979,0.824,0.022
"241","firstyr_bully2_act ~ victim_3group_act+ victim_3group_rel+ q7_a+ firstrses_standardized+ bis1_standardized",1,5e-04,0.98,0.818,0.026
"242","firstyr_bully2_act ~ victim_3group_act+ victim_3group_rel+ q7_a+ PHQ9_1yr_new+ AUDIT_C_4_a+ bis1_standardized",1,5e-04,0.98,0.827,0.037
"243","firstyr_bully2_act ~ victim_3group_act+ victim_3group_rel+ q7_a+ PHQ9_1yr_new+ AUDIT_C_4_a+ firstrses_standardized+ bis1_standardized",1,5e-04,0.98,0.83,0.028
"244","firstyr_bully2_act ~ victim_3group_act+ victim_3group_rel+ q7_a+ q22_0_a+ bis1_standardized",1,5e-04,0.981,0.819,0.017
"245","firstyr_bully2_act ~ victim_3group_act+ victim_3group_rel+ q7_a+ q22_0_a+ firstrses_standardized+ bis1_standardized",1,5e-04,0.982,0.82,0.019
"246","firstyr_bully2_act ~ victim_3group_act+ victim_3group_rel+ q7_a+ q5_a+ AUDIT_C_4_a+ firstrses_standardized+ bis1_standardized",1,5e-04,0.982,0.83,0.025
"247","firstyr_bully2_act ~ victim_3group_act+ victim_3group_rel+ q7_a+ q5_a+ AUDIT_C_4_a+ q22_0_a+ firstrses_standardized+ bis1_standardized",1,5e-04,0.982,0.832,0.032
"248","firstyr_bully2_act ~ victim_3group_act+ victim_3group_rel+ q7_a+ q5_a+ bis1_standardized",1,5e-04,0.983,0.822,0.02
"249","firstyr_bully2_act ~ victim_3group_act+ victim_3group_rel+ q7_a+ q5_a+ q68_a+ PHQ9_1yr_new+ AUDIT_C_4_a+ q22_0_a+ firstrses_standardized+ bis1_standardized",1,5e-04,0.984,0.838,0.031
"250","firstyr_bully2_act ~ victim_3group_act+ victim_3group_rel+ q7_a+ q5_a+ q68_a+ PHQ9_1yr_new+ bis1_standardized",1,5e-04,0.984,0.83,0.043
"251","firstyr_bully2_act ~ victim_3group_act+ victim_3group_rel+ q7_a+ q6_a+ PHQ9_1yr_new+ AUDIT_C_4_a+ q22_0_a+ firstrses_standardized+ bis1_standardized",1,5e-04,0.984,0.833,0.03
"252","firstyr_bully2_act ~ victim_3group_act+ victim_3group_rel+ q7_a+ q68_a+ AUDIT_C_4_a+ bis1_standardized",1,5e-04,0.985,0.828,0.027
"253","firstyr_bully2_act ~ victim_3group_act+ victim_3group_rel+ q8_a+ AUDIT_C_4_a",1,5e-04,0.986,0.794,0.107
"254","firstyr_bully2_act ~ victim_3group_act+ victim_3group_rel+ q8_a+ PHQ9_1yr_new+ AUDIT_C_4_a+ bis1_standardized",1,5e-04,0.986,0.828,0.043
"255","firstyr_bully2_act ~ victim_3group_act+ victim_3group_rel+ q8_a+ q5_a+ AUDIT_C_4_a+ firstrses_standardized+ bis1_standardized",1,5e-04,0.986,0.83,0.029
"256","firstyr_bully2_act ~ victim_3group_act+ victim_3group_rel+ q8_a+ q5_a+ AUDIT_C_4_a+ q22_0_a+ firstrses_standardized+ bis1_standardized",1,5e-04,0.987,0.832,0.036
"257","firstyr_bully2_act ~ victim_3group_act+ victim_3group_rel+ q8_a+ q5_a+ PHQ9_1yr_new+ AUDIT_C_4_a+ firstrses_standardized+ bis1_standardized",1,5e-04,0.988,0.834,0.027
"258","firstyr_bully2_act ~ victim_3group_act+ victim_3group_rel+ q8_a+ q5_a+ q68_a+ AUDIT_C_4_a+ bis1_standardized",1,5e-04,0.988,0.831,0.028
"259","firstyr_bully2_act ~ victim_3group_act+ victim_3group_rel+ q8_a+ q6_a+ firstrses_standardized+ bis1_standardized",1,5e-04,0.988,0.82,0.027
"260","firstyr_bully2_act ~ victim_3group_act+ victim_3group_rel+ q8_a+ q6_a+ q68_a+ bis1_standardized",1,5e-04,0.989,0.823,0.018
"261","firstyr_bully2_act ~ victim_3group_act+ victim_3group_rel+ q8_a+ q68_a",1,5e-04,0.99,0.792,0.129
"262","firstyr_bully2_act ~ victim_3group_act+ victim_3group_rel+ q8_a+ q68_a+ AUDIT_C_4_a+ bis1_standardized",1,5e-04,0.99,0.827,0.03
"263","firstyr_bully2_act ~ victim_3group_act+ victim_3group_rel+ q8_a+ q68_a+ AUDIT_C_4_a+ firstrses_standardized+ bis1_standardized",1,5e-04,0.99,0.828,0.022
"264","firstyr_bully2_act ~ victim_3group_act+ victim_3group_rel+ q8_a+ q68_a+ PHQ9_1yr_new+ bis1_standardized",1,5e-04,0.991,0.826,0.029
"265","firstyr_bully2_act ~ victim_3group_act+ victim_3group_rel+ q8_a+ q7_a+ q5_a+ q68_a+ AUDIT_C_4_a+ q22_0_a+ bis1_standardized",1,5e-04,0.992,0.833,0.029
"266","firstyr_bully2_act ~ victim_3group_act+ victim_3group_rel+ school_PR+ bis1_standardized",1,5e-04,0.992,0.817,0.016
"267","firstyr_bully2_act ~ victim_3group_act+ victim_3group_rel+ school_PR+ firstrses_standardized+ bis1_standardized",1,5e-04,0.992,0.818,0.03
"268","firstyr_bully2_act ~ victim_3group_act+ victim_3group_rel+ school_PR+ PHQ9_1yr_new+ AUDIT_C_4_a+ firstrses_standardized+ bis1_standardized",1,5e-04,0.993,0.83,0.024
"269","firstyr_bully2_act ~ victim_3group_act+ victim_3group_rel+ school_PR+ PHQ9_1yr_new+ firstrses_standardized+ bis1_standardized",1,5e-04,0.994,0.823,0.017
"270","firstyr_bully2_act ~ victim_3group_act+ victim_3group_rel+ school_PR+ q5_a+ AUDIT_C_4_a+ bis1_standardized",1,5e-04,0.994,0.829,0.033
"271","firstyr_bully2_act ~ victim_3group_act+ victim_3group_rel+ school_PR+ q5_a+ AUDIT_C_4_a+ firstrses_standardized+ bis1_standardized",1,5e-04,0.994,0.83,0.029
"272","firstyr_bully2_act ~ victim_3group_act+ victim_3group_rel+ school_PR+ q5_a+ AUDIT_C_4_a+ q22_0_a+ bis1_standardized",1,5e-04,0.995,0.829,0.036
"273","firstyr_bully2_act ~ victim_3group_act+ victim_3group_rel+ school_PR+ q5_a+ PHQ9_1yr_new+ AUDIT_C_4_a+ firstrses_standardized+ bis1_standardized",1,5e-04,0.996,0.834,0.025
"274","firstyr_bully2_act ~ victim_3group_act+ victim_3group_rel+ school_PR+ q5_a+ PHQ9_1yr_new+ firstrses_standardized+ bis1_standardized",1,5e-04,0.996,0.828,0.041
"275","firstyr_bully2_act ~ victim_3group_act+ victim_3group_rel+ school_PR+ q5_a+ q68_a+ firstrses_standardized+ bis1_standardized",1,5e-04,0.996,0.828,0.028
"276","firstyr_bully2_act ~ victim_3group_act+ victim_3group_rel+ school_PR+ q5_a+ q68_a+ PHQ9_1yr_new+ AUDIT_C_4_a+ q22_0_a+ firstrses_standardized+ bis1_standardized",1,5e-04,0.997,0.838,0.028
"277","firstyr_bully2_act ~ victim_3group_act+ victim_3group_rel+ school_PR+ q6_a+ PHQ9_1yr_new+ AUDIT_C_4_a+ firstrses_standardized+ bis1_standardized",1,5e-04,0.997,0.831,0.026
"278","firstyr_bully2_act ~ victim_3group_act+ victim_3group_rel+ school_PR+ q6_a+ q5_a+ bis1_standardized",1,5e-04,0.998,0.823,0.015
"279","firstyr_bully2_act ~ victim_3group_act+ victim_3group_rel+ school_PR+ q6_a+ q68_a+ PHQ9_1yr_new+ AUDIT_C_4_a+ firstrses_standardized+ bis1_standardized",1,5e-04,0.998,0.833,0.028
"280","firstyr_bully2_act ~ victim_3group_act+ victim_3group_rel+ school_PR+ q7_a+ AUDIT_C_4_a+ firstrses_standardized+ bis1_standardized",1,5e-04,0.999,0.825,0.029
"281","firstyr_bully2_act ~ victim_3group_act+ victim_3group_rel+ school_PR+ q7_a+ q5_a+ q68_a+ PHQ9_1yr_new+ AUDIT_C_4_a+ q22_0_a+ bis1_standardized",1,5e-04,1,0.836,0.033
"282","firstyr_bully2_act ~ victim_3group_act+ victim_3group_rel+ school_PR+ q7_a+ q68_a+ AUDIT_C_4_a+ bis1_standardized",1,5e-04,1,0.827,0.024
